content,nickname,time,title
"
                                                乌丁
                                            
                      
                      Sneaker-InfoSneaker 球鞋文化、最新球鞋资讯、球鞋上脚投稿 （QQ空间：185471106；新浪微博：乌丁）
                              
                              
                          
                    Reward
                    
                ",乌丁球鞋,2018-10-12,NBA赛场球鞋上脚集锦
"
                      
                      ioneball篮球综合服务平台，为篮球迷提供系统专业的线上线下篮球训练计划、赛事、组队等一体化服务。
                              
                              
                          
                    今天，韦德与热火正式续约以1年240万的老将底薪回归这将是闪电侠的生涯最后一年韦德把退役巡演称为“最后一舞”随着韦德正式签字续约2K公司也实时的开出了能力值韦德下赛季能力值为79跟此前加盟火箭的安东尼一致大家觉得骚韦的油箱还剩多少油？Reward
                    
                ",壹球ONEBALL,2018-09-19,NBA2K19公布韦德能力值！高了还是低了？
"
                      
                      lanqiubuluo360这里是关注篮球和关注NBA球友分享和交流的平台，在这里，我们将分享NBA赛况、球星动态、直播预告、视频、数据、图片、专题、花边、装备等各类海量信息，将会交流篮球技巧和篮球实战经验，一起享受篮球和NBA带给我们的乐趣。
                              
                              
                          
                    NBA中国赛五大经典战役 甜瓜创纪录姚明携刘炜开启新篇章版权归原作者所有 如有侵权请联系 我们将及时处理。点下方↓↓↓阅读原文有惊喜！Reward
                    
                ",NBA篮球实战技巧,2018-10-05,NBA中国赛五大经典战役 甜瓜创纪录姚明携刘炜开启新篇章
